Designator,Footprint,Quantity,Value,LCSC Part #
"C1, C2, C3, C4",C_0603_1608Metric,4,0.1uf,
"C10, C9",C_0603_1608Metric,2,10uF,
"C5, C7",CP_EIA-3216-18_Kemet-A,2,10uF,
"C6, C8",C_0603_1608Metric,2,1uF,
D2,D_SMA,1,SS14D,
"H1, H2, H3, H4",MountingHole_2.1mm,4,MountingHole,
IC1,SOP50P490X110-10N,1,MAX1898EUB42+T,
J1,USB_C_Receptacle_XKB_U262-16XN-4BVC11,1,USB_C_Receptacle_USB2.0,
J2,PinHeader_1x05_P1.27mm_Vertical,1,Conn_01x05_Male,
"J3, J4",SM03BGHSTBLFSN,2,Hall sensor,
J5,JST_S2B-PH-SM4-TB(LF)(SN),1, B2B-PH-SM4-TB(LF)(SN) ,
"L1, L2, L3",LED_0603_1608Metric,3,ON,
LED4,LED_0603_1608Metric,1,CHG,
Q1,SOT-23,1,AO3401A,
"R1, R2",R_0603_1608Metric,2,5K1,
"R10, R11, R14, Rprog1",R_0603_1608Metric,4,3.3K,
"R12, R13, R18, R19, R9",R_0603_1608Metric,5,10K,
"R17, R20, R21, U3",R_0603_1608Metric,4,100K,
"R3, R5",R_0603_1608Metric,2,33,
"R4, R6",R_0603_1608Metric,2,0,
"R7, R8",R_0603_1608Metric,2,1K,
SW1,slide switch spdt,1,K3-1280S-F1 ,
U1,ESSOP-10_3.9x4.9mm_P1.00mm,1,ch340k,
U2,SOT-363_SC-70-6,1,1N7002DW,
U4,SOT-23,1,DMG3415U-7,
U5,SOIC127P600X175-9N,1,ADP1706ARDZ-3.3-R7,
U6,ESP32-S3-WROOM-1,1,ESP32-S3-WROOM-1,
U7,IC_ADXL345BCCZ,1,ADXL345BCCZ,
